song_id,name,artist,modify_times,num_beats_per_measure,num_quavers_per_beat,time_signature,time,human_labeled_bars_1,human_labeled_bars_2
1,123我爱你,新乐尘符,3,2,2,4/4,193.94395958333334,71,71
2,123木头人,黑涩会美眉,4,2,2,4/4,230.47598552708337,58,58
3,9420,麦小兜,2,2,2,4/4,228.3242841375,76,76
4,Dear Friend,顺子,2,2,2,4/4,198.9452528,56,57
5,I Believe,范逸臣,1,2,2,4/4,281.13541397083344,72,71
6,Lovelovelove,蔡依林,1,2,2,4/4,225.05910219791667,107,107
7,一万个对不起,祁隆,1,2,2,4/4,212.35039510416667,119,119
8,一万个理由,郑源,3,2,2,4/4,263.6688469729167,69,69
9,一万个舍不得,庄心妍,1,2,2,4/4,205.76826039374998,116,116
10,一个人失忆,薛凯琪,2,2,2,4/4,285.7446020625,84,84
11,一个人的北京,好妹妹乐队,3,2,2,4/4,326.33607693333335,86,86
12,一个人的天荒地老,张宇,3,2,2,4/4,293.97325406875,64,64
13,一个人的寂寞两个人的错,贺一航,3,2,2,4/4,206.1245753125,55,55
14,一个人的精彩,萧亚轩,3,2,3,6/8,186.275218,97,97
15,一个人走,刘佳,4,2,2,4/4,262.75842800000004,61,61
16,一亿个伤心,蒙面哥,3,2,2,4/4,262.7385315875,75,75
17,一剪梅,费玉清,3,2,2,4/4,222.65541000833335,63,63
18,一剪梅 DJ费玉清,DJ费玉清,3,2,2,4/4,207.44980182708335,63,63
19,一千年以后,林俊杰,3,2,2,4/4,225.44841353125003,56,56
20,一千零一夜,邰正宵,3,2,2,4/4,238.16039111458335,101,101
21,一吻之间,张碧晨,2,2,2,4/4,236.17947029166666,55,55
22,一场游戏一场梦,王杰,4,2,2,4/4,251.13651713749996,69,69
23,一壶老酒,陆树铭,2,2,2,4/4,283.78836332916666,59,60
24,一天一点爱恋,梁朝伟,2,2,2,4/4,213.4065140666667,57,57
25,一天到晚游泳的鱼,张雨生,3,2,2,4/4,354.5319645458333,86,87
26,一帘幽梦,邓丽君,2,2,2,4/4,195.4859375,63,63
27,一曲红尘,郭少杰,2,2,2,4/4,268.197265625,69,69
28,一百个放心,张津涤,1,2,2,4/4,242.237919375,60,60
29,一直很安静,阿桑,3,2,2,4/4,247.83611580000002,104,104
30,一眼万年,S.H.E,2,2,2,4/4,261.475,63,63
31,一瞬间,丽江小倩,1,2,2,4/4,181.8387218,92,92
32,一袖云,刘珂矣,4,2,2,4/4,246.31328016666666,59,59
33,一路向北,冷漠,2,2,2,4/4,243.28466696666666,67,68
34,丁香花,唐磊,1,3,2,3/4,259.86261516666667,140,140
35,七里香,刘瑞琦,3,2,2,4/4,276.929439,80,80
36,三十出头,大哲,1,2,2,4/4,198.57763420625,102,102
37,三寸天堂,严艺丹,3,2,2,4/4,284.27505356250003,87,86
38,三寸日光,梁静茹,1,2,2,4/4,274.9796875,90,90
39,三生三世十里桃花,那英,3,2,2,4/4,275.90302537499997,87,86
40,三生石上一滴泪,望海高歌,2,2,2,4/4,276.1047733125,74,74
41,下一次相遇,雨露,4,2,2,4/4,269.449865275,91,92
42,下定决心忘记你,大哲,4,2,2,4/4,211.53772059166667,63,63
43,下沙,游鸿明,3,2,2,4/4,337.0945088875,148,148
44,下辈子不做女人【新版】,陈瑞,2,2,2,4/4,272.7347137875,63,63
45,下辈子如果我还记得你,马郁,2,2,2,4/4,223.55833333333334,52,53
46,下雨了,薛之谦,2,2,2,4/4,301.94507846875,104,104
47,下雨天,南拳妈妈,4,2,2,4/4,246.837890625,61,61
48,下马酒之歌,乌兰图雅,2,2,2,4/4,202.3463444375,90,91
49,不仅仅是喜欢,孙语赛 萧全,4,2,2,4/4,227.3099999625,102,102
50,不再联系,夏天,2,2,2,4/4,200.74040134375,52,52
51,不再见,陈学冬,1,2,2,4/4,242.31155865416665,63,63
52,不分手的恋爱,汪苏泷,2,2,2,4/4,203.83813337499998,70,70
53,不变的情缘,正云,2,2,2,4/4,246.51772040833333,72,73
54,不后悔遇到你,弹唱小蓉,3,2,2,4/4,273.76044052500004,78,78
55,不将就,李荣浩,4,2,2,4/4,308.35057110416665,89,91
56,不愿红尘错过你,吴易航,3,2,2,4/4,290.99397215,99,99
57,不是因为寂寞才想你,T.R.Y,2,2,2,4/4,250.395,76,76
58,不是我不小心,张镐哲,2,2,2,4/4,270.8085785541667,70,70
59,不爱我放了我,许茹芸,3,2,2,4/4,249.01437566666667,63,63
60,不白活一回,毛阿敏,2,2,2,4/4,181.388671875,48,48
61,不管有多苦,那英,2,2,2,4/4,263.38222125,91,92
62,不老梦,银临,2,3,2,3/4,254.52001575000003,282,207
63,不能说的秘密,周杰伦,4,2,2,4/4,318.85924745625,87,87
64,不能这样活,刘欢,3,2,2,4/4,197.49603892083334,49,49
65,不要再来伤害我,张振宇,1,2,2,4/4,316.4914047375,118,117
66,不要在我寂寞的时候说爱我,郑源,4,2,2,4/4,236.4349908375,107,106
67,不要说话,陈奕迅,2,2,2,4/4,278.07419585,76,76
68,不让我的眼泪陪我过夜,齐秦,2,2,2,4/4,262.4140747458333,60,61
69,不醉不会,田馥甄,6,2,2,4/4,228.96271687708332,112,112
70,丑八怪,薛之谦,2,2,2,4/4,242.286306475,61,61
71,世界末日,周杰伦,7,2,2,4/4,252.5815746479167,71,71
72,东方之珠,罗大佑,5,2,2,4/4,241.8860963333333,78,78
73,东风志,Aki阿杰,6,2,2,4/4,265.6019532166667,85,86
74,东风破,周杰伦,2,2,2,4/4,308.8216141333333,93,93
75,丢了幸福的猪,姜玉阳,2,2,2,4/4,267.55799344583335,62,62
76,两只蝴蝶,庞龙,3,2,2,4/4,268.1549479166667,105,106
77,中华民谣,孙浩,1,2,2,4/4,253.971896,108,108
78,为了谁,祖海,2,2,2,4/4,268.97463255,93,94
79,为什么相爱的人不能在一起,郑源,1,2,2,4/4,266.961761325,61,61
80,为你写诗,吴克群,5,2,2,4/4,280.35846712291675,76,77
81,为你我受冷风吹,林忆莲,7,2,2,4/4,252.85104299791664,59,60
82,为你等待,次仁央宗,4,2,2,4/4,260.44250144166665,62,63
83,为你而痛,岳思思,3,2,2,4/4,261.325,64,64
84,为爱付出,庄妮,2,2,2,4/4,211.10521835833333,62,62
85,为爱痴狂,刘若英,4,2,2,4/4,305.0344913729167,114,114
86,九九女儿红,陈少华,2,2,2,4/4,274.97783062499997,69,70
87,九张机,叶炫清,4,2,2,4/4,216.78745805833333,62,62
88,九百九十九朵玫瑰,邰正宵,5,2,2,4/4,246.54048407083334,139,138
89,二十岁的某一天,花粥,1,2,2,4/4,228.081459375,76,77
90,云在飞,云飞,3,2,2,4/4,248.36101176666668,71,71
91,亲亲我的宝贝,周华健,3,2,2,4/4,203.071438725,51,52
92,亲密爱人,蔡琴,1,2,3,6/8,194.31935099999998,62,62
93,亲爱的你怎么不在我身边,江美琪,1,2,2,4/4,256.0717486875,84,84
94,亲爱的小孩,苏芮,2,2,2,4/4,258.5980677333334,66,66
95,亲爱的路人,刘若英,4,2,2,4/4,319.5401003333333,90,90
96,人在旅途,云菲菲,4,2,2,4/4,203.10165967499998,94,94
97,人生若只如初见,望海高歌,3,2,2,4/4,261.2238920958334,75,75
98,人质,张惠妹,1,2,2,4/4,44.65536075000001,12,13
99,人间,王菲,8,2,2,4/4,282.43271584375,74,74
100,今世有缘,云菲菲,2,2,2,4/4,267.302437175,66,66
101,今夜你又在和谁约会,涓子,2,2,2,4/4,298.12948562500003,79,79
102,今夜无眠,周冰倩,1,3,2,3/4,198.80998424999999,193,193
103,今夜的你又在和谁约会,暴林,4,2,2,4/4,297.75,78,79
104,今天,刘德华,1,2,2,4/4,224.547885425,55,55
105,今生只为遇见你,波拉,3,2,2,4/4,301.4596943875,116,116
106,今生缘,川子,4,2,2,4/4,316.0726242291667,86,86
107,从头再来,刘欢,2,3,2,3/4,212.71367775,168,168
108,他一定很爱你,阿杜,4,2,2,4/4,207.7707294479167,85,86
109,他还是不懂,SHE,1,2,2,4/4,246.423828125,64,64
110,以后别做朋友,周兴哲,3,2,2,4/4,256.138450475,68,68
111,以后的以后,庄心妍,8,2,2,4/4,295.5219505708334,75,75
112,会呼吸的痛,梁静茹,2,2,2,4/4,271.21388793333335,61,61
113,会痛的石头,萧敬腾,4,2,2,4/4,286.06394599583336,90,90
114,传奇,李健,2,2,2,4/4,333.93032788749997,74,74
115,伤了心的女人怎么了,刘涛,4,2,2,4/4,273.73159799583334,89,89
116,伤心1999,王杰,1,2,2,4/4,216.23048164166667,50,51
117,伤心城市,云菲菲,2,2,2,4/4,259.5294725333334,70,70
118,伤心太平洋,任贤齐,3,2,2,4/4,258.8168818145834,79,79
119,伤心泪,陈星,4,2,2,4/4,271.12823312916663,71,71
120,伤心的时候可以听情歌,欢子,3,2,2,4/4,279.50486524375003,53,54
121,伤心的站台,安东阳,3,2,2,4/4,320.48932505,92,92
122,伤河,李雨儿,4,2,2,4/4,247.14796713750002,70,71
123,何必在一起,张杰,2,2,2,4/4,271.5107161916667,63,64
124,何日君再来,邓丽君,2,2,2,4/4,170.58780690208334,64,64
125,何时了却这牵挂,晨熙,1,2,2,4/4,265.76639500000005,89,88
126,你一定要幸福,何洁,1,2,2,4/4,308.43830852916665,90,90
127,你不知道的事,王力宏,1,2,2,4/4,272.04914978749997,97,97
128,你会爱我到什么时候,陶钰玉,1,2,2,4/4,236.03651152083336,57,57
129,你到底有没有爱过我,蓝波,1,2,2,4/4,239.5016573375,109,109
130,你到底爱谁,刘嘉亮,1,2,2,4/4,251.470035,69,69
131,你就不要想起我,田馥甄,2,2,2,4/4,273.04022670833336,62,62
132,你快回来,孙楠,2,2,2,4/4,258.5240717625,70,70
133,你怎么舍得我难过,黄品源,1,2,2,4/4,290.43256627291663,81,80
134,你是我的玫瑰花,庞龙,3,2,2,4/4,223.10535663958333,88,89
135,你曾是少年,S.H.E,1,2,2,4/4,282.4114627666666,83,83
136,你潇洒我漂亮,韩宝仪,1,2,2,4/4,202.08454764791668,73,73
137,你爱我像谁,张卫健,2,2,2,4/4,273.07763339791666,71,72
138,你牛什么牛,唐古,1,2,2,4/4,206.9137678479167,110,112
139,你的样子,林志炫,1,2,2,4/4,258.3975666708333,71,71
140,你的甜蜜,范晓萱,3,2,2,4/4,225.99177468958334,110,111
141,你的眼神,蔡琴,1,2,2,4/4,242.89154454375,79,79
142,你的眼角流着我的泪,曹越,2,2,2,4/4,264.6369855208333,74,74
143,你的过去我不介意,唐古,2,2,2,4/4,239.12051430000002,114,114
144,你的选择,易欣,5,2,2,4/4,239.55401245000002,67,67
145,你知道我在等你吗,白百何,1,2,2,4/4,156.19853053125,42,42
146,你究竟有几个好妹妹,孟庭苇,1,2,2,4/4,315.0217068208334,95,95
147,你要的不是我,林俊杰,2,2,2,4/4,250.20165075,64,64
148,你还要我怎样,薛之谦,3,2,2,4/4,308.5638020833333,120,120
149,修炼爱情,林俊杰,2,2,2,4/4,283.9952909708333,78,78
150,倒带,蔡依林,3,2,2,4/4,257.28077107083334,68,68
151,借,毛不易,2,2,2,4/4,215.2,67,67
152,假如爱有天意,李健,2,3,2,3/4,302.601970125,184,182
153,假情真爱,阿华,1,2,2,4/4,234.89063642916665,89,89
154,假装,陈雪凝,2,2,2,4/4,262.0737057895833,103,104
155,偏爱,张芸京,1,2,2,4/4,206.571222,60,60
156,做你的爱人,饶天亮,2,2,2,4/4,277.8333333333333,110,110
157,做你的雪莲,艾歌,4,2,2,4/4,254.76125,105,105
158,偿还,邓丽君,1,2,2,4/4,225.78248745208333,100,100
159,催眠,王菲,4,2,2,4/4,265.1844675125,101,102
160,傻子,林宥嘉,3,2,2,4/4,209.6520339375,67,67
161,像我这样的人,毛不易,2,2,2,4/4,169.02622094583333,42,42
162,像梦一样自由,汪峰,3,2,2,4/4,228.741238075,79,79
163,像风一样自由,许巍,1,2,2,4/4,219.49970001666665,82,82
164,儿歌,张悬,2,2,2,4/4,181.65989763125,40,41
165,儿行千里,刘和刚,1,2,2,4/4,290.3518228166667,61,61
166,兄弟 想你了,姜鹏,1,2,2,4/4,220.6372793625,80,80
167,兄弟干杯,庞龙,1,2,2,4/4,242.8811236541667,77,77
168,兄弟抱一下,庞龙,2,2,2,4/4,262.54175855625,87,87
169,光,陈粒,2,2,2,4/4,140.838164875,48,48
170,光年之外,邓紫棋,1,2,2,4/4,230.55391579166667,83,85
171,光阴的故事,罗大佑,1,2,3,6/8,203.96180203125002,56,56
172,克卜勒,孙燕姿,1,2,2,4/4,253.81905035416668,62,62
173,关不上的窗,周传雄,2,3,2,3/4,286.6583520666667,113,112
174,关于郑州的记忆,李志,2,2,2,4/4,216.5497080625,65,65
175,其实,薛之谦,2,2,2,4/4,242.06793991875003,55,55
176,其实你不懂我的心,童安格,4,3,2,3/4,192.96103637500002,97,97
177,其实都没有,杨宗纬,1,2,2,4/4,223.37720434166667,61,62
178,再回到从前,张镐哲,1,2,2,4/4,255.08020115833347,75,75
179,再见,张震岳,1,2,2,4/4,179.13610065208334,91,92
180,最初的梦想,范玮琪,2,2,2,4/4,293.1503869625,99,99
181,最初的记忆,徐佳莹,2,2,2,4/4,247.8195886,69,69
182,最后一个情人,赵真,3,2,2,4/4,276.3848803020834,66,66
183,最后一首情歌,苏琛,2,2,2,4/4,229.4558711875,67,68
184,最幸福的人,曾春年,2,2,2,4/4,272.7147622875,64,63
185,最浪漫的事,赵咏华,4,2,2,4/4,261.89989321666667,119,119
186,最熟悉的陌生人,萧亚轩,1,2,2,4/4,261.6948323333333,64,64
187,最真的梦,孙露,2,2,2,4/4,236.78854166666667,114,114
188,最美情侣,白小白,2,2,2,4/4,238.447488825,108,108
189,最美的光,尚琪祺,1,2,2,4/4,241.3979728875,68,68
190,最美的太阳,张杰,2,2,2,4/4,249.64333333333335,77,78
191,最美的情缘,魏新雨,2,2,2,4/4,249.78790376666666,65,68
192,最远的你是我最近的爱,金悦,3,2,2,4/4,265.4269451958333,71,70
193,最重要的决定,范玮琪,1,2,2,4/4,234.546499725,70,70
194,最长的电影,周杰伦,2,2,2,4/4,228.65735848333333,106,106
195,军中绿花,小曾,1,2,2,4/4,236.16709433541675,96,96
196,冲动的惩罚,刀郎,3,2,2,4/4,471.15,196,195
197,冻结,林俊杰,2,2,2,4/4,280.74180531875,143,142
198,凡人歌,李宗盛,3,2,2,4/4,226.02806121875,121,121
199,出卖,简弘亦,2,2,2,4/4,154.6464383166667,35,35
200,刀剑如梦,董贞,4,2,2,4/4,219.39895833333333,104,104
201,分手在那个秋天,浩瀚,2,2,2,4/4,228.25411076875,84,84
202,刚好遇见你,李玉刚,1,2,2,4/4,190.8155143125,57,58
203,初爱【原版】,杨宗纬,2,3,2,3/4,225.11354166666666,150,150
204,别再说,孙露,2,2,2,4/4,301.50515229166666,121,121
205,别哭我最爱的人,郑智化,2,2,2,4/4,205.80711719166666,102,102
206,别找我麻烦,蔡健雅,2,2,2,4/4,242.012151675,90,91
207,别说我的眼泪你无所谓,郑源,1,2,2,4/4,277.0485865875,125,125
208,前门情思大碗茶,杭天琪,3,2,2,4/4,271.05612506875013,137,139
209,剪爱,张惠妹,2,2,2,4/4,275.7783973645833,150,150
210,勇气,梁静茹,2,2,2,4/4,231.5215974541666,110,110
211,勉为其难,王冕,5,2,2,4/4,244.52370185833334,122,125
212,勿忘你,高安,2,2,2,4/4,288.29646091458335,98,98
213,勿忘心安,张杰,2,2,2,4/4,251.1855224833334,130,130
214,包容,郑源,4,2,2,4/4,257.65210896875,147,147
215,匆匆那年,王菲,1,3,2,3/4,235.3291015625,168,168
216,化身孤岛的鲸,周深,3,2,2,4/4,267.60292808124996,122,122
217,十一年,邱永传,2,2,2,4/4,243.378125,79,79
218,十七岁的雨季,林志颖,4,2,2,4/4,308.88461334166664,86,85
219,十五的月亮,董文华,2,2,2,4/4,171.98116349999995,37,37
220,十年,陈奕迅,2,2,2,4/4,196.29778550625,101,101
221,千年等一回,高胜美,1,2,2,4/4,207.36099283749996,93,93
222,千言万语,邓丽君,1,2,2,4/4,210.70260225,66,67
223,半城烟沙,许嵩,1,2,2,4/4,290.5903041416667,140,140
224,半岛铁盒,周杰伦,1,2,2,4/4,312.33036675625,77,77
225,半情歌,元若蓝,1,2,2,4/4,297.87360127916673,93,93
226,卓玛,亚东,2,2,2,4/4,286.0604906,69,65
227,南山南,马頔,3,2,2,4/4,258.9081132250001,71,71
228,南方姑娘,江智民,2,2,2,4/4,317.22074980208333,150,151
229,卷珠帘,霍尊,2,2,2,4/4,163.59447344375002,68,72
230,历史的天空,毛阿敏,2,2,2,4/4,190.86532554166666,58,58
231,原来你也在这里,刘若英,2,3,2,3/4,209.0530316875,128,125
232,原来你什么都不要,张惠妹,3,2,2,4/4,281.6962996458332,123,129
233,原谅,张玉华,2,2,2,4/4,253.60904800000006,74,75
234,原谅我一次,欢子,1,2,2,4/4,276.012919,137,137
235,去大理,郝云,2,2,2,4/4,225.90347442291667,57,57
236,发如雪,周杰伦,1,2,2,4/4,293.18620741041667,127,128
237,受了点伤,阿桑,1,2,2,4/4,278.7713608916667,75,77
238,只要你过得比我好,钟镇涛,1,2,2,4/4,270.2560303145834,87,87
239,可乐,赵浴辰,3,2,2,4/4,343.5997033208335,91,91
240,可念不可说,崔子格,1,2,2,4/4,280.29956568750003,139,139
241,向天再借五百年,韩磊,3,2,2,4/4,188.60672609166667,44,44
242,听海,张学友,4,2,2,4/4,273.19817004375005,69,69
243,听说爱情回来过,杨宗纬,2,2,2,4/4,189.26007316249996,83,83
244,吻和泪,周子寒,2,2,2,4/4,305.32706113125005,76,76
245,味道,辛晓琪,2,2,2,4/4,230.73486469999997,83,83
246,命运不是辘轳,李娜,1,2,2,4/4,185.90894474999993,102,102
247,和你一样,李宇春,2,2,2,4/4,367.76520927083357,105,104
248,咖喱咖喱,叶洛洛,1,2,2,4/4,154.98765118125,87,88
249,哥有老婆,纪晓斌,1,2,2,4/4,236.19656535000001,109,109
250,哭砂,张惠妹,2,2,2,4/4,367.047252,187,190
251,唐人,孙子涵,1,2,2,4/4,225.27083333333334,105,106
252,唯一,王力宏,2,2,2,4/4,255.76480725,131,131
253,喜剧之王,李荣浩,1,2,2,4/4,253.465655625,67,67
254,喜欢你,徐佳莹,1,3,2,3/4,251.18860490208334,154,152
255,嘴巴嘟嘟,刘子璇,2,2,2,4/4,242.51893426041667,83,84
256,囚鸟,彭羚,2,2,2,4/4,278.5977991375,59,59
257,四季歌,邓丽君,3,2,2,4/4,145.29940293125003,74,74
258,回忆那么伤,孙子涵,2,2,2,4/4,234.40096404583335,103,104
259,回忆里的那个人,李行亮,3,2,2,4/4,223.67916666666667,110,110
260,因为你爱上他,蒋雪儿,4,2,2,4/4,290.2885416666667,143,142
261,因为爱所以爱,谢霆锋,2,2,2,4/4,253.94371835625,141,140
262,在心里从此永远有个你,办桌二人组,2,2,2,4/4,258.70304503125004,94,94
263,在梦中,彭丽丽,1,2,2,4/4,282.81638385,104,104
264,在此刻,韩磊,1,2,2,4/4,220.09775166666668,73,74
265,在深秋,阿悄,2,2,2,4/4,289.897867325,116,116
266,在那遥远的地方,王洛宾,5,2,2,4/4,255.4355543625,95,95
267,夏洛特烦恼,金志文,5,2,2,4/4,187.636348,37,37
268,外愈,任然,2,2,2,4/4,208.79166666666666,51,51
269,外面的世界,齐秦,3,2,2,4/4,313.05022200208333,92,92
270,多情人都把灵魂给了谁,李翊君,1,2,2,4/4,284.78859,79,79
271,多想做你最爱的人,望海高歌,2,2,2,4/4,259.0926463125,77,78
272,多想留在你身边,刘增瞳,2,2,2,4/4,205.84911265,62,62
273,夜深人静更想你,望海高歌,4,2,2,4/4,260.594334,78,80
274,夜空中最亮的星,逃跑计划,4,2,2,4/4,248.52245228333334,107,107
275,夜车,曾轶可,2,2,2,4/4,189.47193282083333,52,52
276,大哥,柯受良,2,2,2,4/4,267.6173616,69,69
277,大海,张雨生,3,2,2,4/4,272.23258353750003,97,96
278,大王叫我来巡山【万万没想到】,赵英俊,4,2,2,4/4,236.6575014375,113,113
279,大鱼,周深,4,2,2,4/4,310.6264750875,84,84
280,天之大,毛阿敏,3,3,2,3/4,280.9484742833333,136,135
281,天亮了,韩红,2,2,2,4/4,213.28412169166668,61,61
282,天使,五月天,4,2,2,4/4,242.98777476041664,72,72
283,天使的翅膀,安琥,1,2,2,4/4,214.29032625000002,65,65
284,天在下雨我在想你,祁隆,3,2,2,4/4,255.33443115625002,101,101
285,天意,刘德华,4,2,2,4/4,262.9736861625,72,72
286,天边,布仁巴雅尔,3,2,2,4/4,272.754110325,62,62
287,天高地厚,信乐团,3,2,2,4/4,295.74958595000004,84,85
288,太多,陈冠蒲,1,2,2,4/4,247.98513168333335,105,105
289,太想爱你,张信哲,1,2,2,4/4,279.0846931375,72,72
290,太早,刘允乐,2,2,2,4/4,222.070341275,63,63
291,你走吧,周艳泓,2,2,2,4/4,220.92160116666668,84,84
292,夜曲,周杰伦,2,2,2,4/4,223.62638087500002,80,80
293,女人心,陈瑞,3,2,2,4/4,244.63955325,58,58
294,女儿情,吴静,1,2,2,4/4,269.23544505,75,75
295,她的背影,王杰,2,2,2,4/4,295.8329227375,84,84
296,好不容易,张靓颖,2,2,2,4/4,228.2227082541667,52,52
297,好人一生平安,李娜,2,2,2,4/4,251.26811433333333,68,68
298,好听,许茹芸,2,2,2,4/4,213.61994861041666,85,85
299,好想好想,古巨基,2,2,2,4/4,205.7778663375,49,49
300,好男人,张镐哲,3,2,2,4/4,296.23815052708335,83,83
301,如果你也听说,张惠妹,4,2,2,4/4,294.51067639791665,71,71
302,如果你是我的传说,刘德华,1,2,2,4/4,277.5657938625,80,80
303,如果当时,许嵩,1,2,2,4/4,308.45696951250005,94,94
304,如果爱下去,张靓颖,8,2,2,4/4,210.32374484375,47,48
305,如果这就是爱情,张靓颖,3,2,2,4/4,280.6000857604167,86,86
306,如果这都不算爱,张学友,2,2,2,4/4,201.57564630000002,97,96
307,妈妈,祁隆,1,3,2,3/4,253.88059051875,137,136
308,妈妈的吻,卓依婷,3,2,2,4/4,149.98170985625,38,38
309,姐姐,贾盛强,2,2,2,4/4,240.35589081666666,116,117
310,姐姐妹妹站起来,陶晶莹,1,2,2,4/4,239.32395833333334,105,106
311,孟婆的碗,魏佳艺,2,2,3,6/8,277.076171875,68,68
312,孤单北半球,欧得洋,1,2,2,4/4,238.6395663375,96,96
313,孤单坠爱,庄心妍,3,2,2,4/4,226.62881318333334,57,57
314,孤枕难眠,周华健,1,2,2,4/4,240.7118805,65,65
315,学不会,林俊杰,2,2,2,4/4,221.34252797083332,54,54
316,宁夏,梁静茹,2,2,2,4/4,196.9934971395833,64,64
317,安和桥,宋冬野,1,2,2,4/4,244.67256718750002,63,63
318,安眠药,张禄籴,2,2,2,4/4,188.42174553333336,50,50
319,安静了,S.H.E,1,2,2,4/4,265.2890641458333,73,73
320,宝贝,张悬,3,2,2,4/4,141.5210145125,69,70
321,容易受伤的女人,邝美云,1,2,2,4/4,255.21944175000002,66,66
322,寂寞沙洲冷,周传雄,1,2,2,4/4,270.8625,60,60
323,寂寞的双手,张可儿,3,2,2,4/4,239.46458333333334,58,58
324,寂寞的季节,陶喆,4,2,2,4/4,206.89054979166667,63,63
325,对嘴,周笔畅,4,2,2,4/4,253.7386617375,68,68
326,小兔子乖乖,儿歌,2,2,2,4/4,116.94387975833334,27,27
327,小宝贝,夏天播放,2,2,2,4/4,186.61383213125,99,99
328,小小,容祖儿,1,3,2,3/4,259.308074025,96,129
329,小小的太阳,孙露,4,2,2,4/4,308.00987845416665,79,79
330,小幸运,田馥甄,2,2,2,4/4,261.5947056333333,84,84
331,小星星,经典名曲,4,2,2,4/4,75.9941316,27,28
332,小毛驴,儿童歌曲,1,2,2,4/4,165.717858625,63,63
333,小燕子,儿童歌曲,1,2,2,4/4,198.52701021250004,64,64
334,小白杨,阎维文,2,2,2,4/4,170.4218613125,42,43
335,小芳,李春波,4,2,2,4/4,273.05287952291667,57,58
336,小苹果,筷子兄弟,3,2,2,4/4,211.23255993125,108,108
337,小草,杨烁,2,2,2,4/4,203.65578052499998,68,68
338,少年锦时,赵雷,1,2,2,4/4,287.28817120208333,107,107
339,尚好的青春,孙燕姿,3,2,2,4/4,258.5950723583333,76,76
340,尽头,赵方婧,3,2,2,4/4,251.86683148333333,94,94
341,山水之间,许嵩,3,2,2,4/4,267.7900824375,88,87
342,岁月神偷,金玟岐,3,2,2,4/4,243.01145833333334,119,119
343,左边,杨丞琳,2,2,2,4/4,267.2920186854167,59,59
344,带我走,杨丞琳,3,2,2,4/4,286.3307492708333,82,82
345,带走,莫艳琳,2,2,2,4/4,252.3953125,83,83
346,平凡之路,朴树,1,2,2,4/4,300.2467235625,104,105
347,幸福的瞬间,许绍洋,2,2,2,4/4,258.43566051458333,76,76
348,幻听,许嵩,2,2,2,4/4,263.69673504166667,53,53
349,广东爱情故事,广东雨神,2,2,2,4/4,205.2421875,53,55
350,庐州月,许嵩,4,2,3,6/8,243.12104390208333,62,62
351,康定情歌,卓依婷,2,2,2,4/4,186.67243637708333,87,87
352,康美之恋,谭晶,4,2,2,4/4,271.3949311,75,75
353,开不了口,周杰伦,2,2,2,4/4,283.0523584,80,80
354,开始懂了,孙燕姿,2,2,2,4/4,269.7865600083333,63,63
355,开开心心每一天,囚鸟,1,2,2,4/4,237.9293255625,121,121
356,异乡人,李健,1,2,2,4/4,224.3607521333333,64,65
357,张三的歌,蔡琴,1,2,2,4/4,279.6448487,88,88
358,弱点,贺敬轩,1,2,2,4/4,217.205444025,47,47
359,当你,林俊杰,1,2,2,4/4,245.70111169999998,69,67
360,当你老了,赵照,2,2,3,6/8,305.4012300375,76,76
361,当我孤独的时候还可以抱着你,郑源,1,2,2,4/4,257.06980910000004,60,60
362,当我想你的时候,汪峰,4,2,2,4/4,265.57853531041667,61,61
363,当爱在靠近,刘若英,1,2,2,4/4,244.41334223333334,67,68
364,很爱很爱你,刘若英,1,2,2,4/4,276.6626707916667,70,70
365,得到你的人却得不到你的心,欢子,3,2,2,4/4,253.59608358124999,56,56
366,微风细雨,邓丽君,1,2,2,4/4,229.89820707500004,101,102
367,心云,林志颖,5,2,2,4/4,224.01777796666667,50,50
368,心如刀割,张学友,3,2,2,4/4,292.2237644375,100,100
369,心愿,四个女生,7,3,2,3/4,155.35752399999998,100,100
370,心痛2009新版,欢子,1,2,2,4/4,264.2584269,59,59
371,心相印手牵手,杨钰莹,1,2,2,4/4,219.11186100208334,75,75
372,心要让你听见,邰正宵,1,2,2,4/4,260.0769946125,67,67
373,心酸,林宥嘉,5,2,2,4/4,247.356048275,87,87
374,忘不了,童安格,2,2,2,4/4,254.32794873958332,82,84
375,忘情水,刘德华,5,2,2,4/4,257.7493715791667,71,71
376,忘记时间,胡歌,4,2,2,4/4,249.6538669583333,64,66
377,忽然之间,莫文蔚,2,2,2,4/4,197.71256436875,52,53
378,忽然好想念,唐古,3,2,2,4/4,242.72236139999998,55,55
379,怀念青春,刘刚,1,2,3,6/8,262.41875,63,63
380,怎么唱情歌,刘惜君,1,2,2,4/4,296.1596400645833,77,77
381,思念天边的你,谢世超,1,2,2,4/4,273.6720748125,73,73
382,思念无期,望海高歌,3,2,2,4/4,303.070672,71,72
383,思慕,郁可唯,4,2,2,4/4,299.98215891666666,88,87
384,恋人心,魏新雨,1,2,2,4/4,201.722197875,67,67
385,恋曲1990,罗大佑,1,2,2,4/4,307.59783722500003,147,147
386,恋爱ing,五月天,1,2,2,4/4,170.46980737500002,133,135
387,恰似你的温柔,蔡琴,3,2,2,4/4,238.200777225,77,77
388,悟,刘德华,1,2,2,4/4,268.7983306666667,77,77
389,情人,刀郎,1,2,2,4/4,189.83125,75,75
390,情人鹤顶红,叶贝文,2,2,2,4/4,214.49,80,80
391,情歌,梁静茹,3,2,2,4/4,259.3158121125,69,69
392,情毒,囚鸟,9,2,2,4/4,311.6711626875,98,98
393,情深深雨蒙蒙,赵薇,1,2,3,6/8,273.34406155,76,76
394,情花,本兮,1,2,2,4/4,239.52636292083335,84,84
395,情锁,陈星,1,2,2,4/4,255.21760192500003,73,73
396,惜别的海岸,龙飘飘,2,2,2,4/4,207.83894792499996,76,76
397,想你想到心里头,杨浩龙,1,2,2,4/4,303.203125,100,100
398,想你的夜,关喆,3,2,2,4/4,256.9433000083333,66,66
399,想你零点零一分,张靓颖,1,2,2,4/4,240.9678199729167,92,92
400,想和你去吹吹风,张学友,1,2,2,4/4,284.66241375,68,68
401,想太多,李玖哲,1,2,2,4/4,214.68751849791667,67,67
402,想念妈妈,天堂飘雪,2,2,2,4/4,303.0955084916667,96,97
403,想着你亲爱的,陈美惠,1,2,2,4/4,236.1140509875,55,54
404,想着你的好,祁隆,1,2,2,4/4,242.2143348125,91,91
405,想自由,林宥嘉,2,2,2,4/4,275.00582766458336,73,73
406,愁啊愁,迟志强,1,2,2,4/4,247.0406717875,88,88
407,感动天感动地,宇桐非,2,2,2,4/4,247.6042713666667,58,58
408,感恩的心,欧阳菲菲,1,2,2,4/4,289.2641989041667,77,77
409,愿做菩萨那朵莲,路勇,3,2,2,4/4,241.77989262291666,77,77
410,愿得一人心,李行亮,2,2,2,4/4,276.2561645625,107,107
411,成全,刘若英,2,2,2,4/4,269.02205240625,92,92
412,成都,民谣 赵雷,1,2,3,6/8,326.15725319166665,80,80
413,我,蔡依林,1,2,2,4/4,274.9673827979167,63,63
414,我不后悔,郑源,1,2,2,4/4,245.2088774416667,61,61
415,我不恨你,郑源,1,2,2,4/4,278.6985849375,75,75
416,我不想说,杨钰莹,1,2,2,4/4,260.74267884374996,77,77
417,我不愿让你一个人,五月天,1,2,2,4/4,260.71078025625,77,77
418,我以为,品冠,1,2,2,4/4,302.3414474083333,92,92
419,我们不一样,大壮,1,2,2,4/4,267.72116085,76,76
420,我们俩,郭顶,1,2,2,4/4,190.76977377291666,47,47
421,我们的明天【重返20岁】,鹿晗,3,2,2,4/4,231.23436166041665,69,69
422,我们的歌,王力宏,1,2,2,4/4,242.93904277500002,70,70
423,我们的爱,飞儿乐团,2,2,2,4/4,281.3400687916667,76,77
424,我们说好的,张靓颖,2,2,2,4/4,265.4497553625,82,82
425,我们都是好孩子,王筝,6,2,2,4/4,231.99605201666668,66,66
426,我会好好的,王心凌,1,2,2,4/4,262.60917575,71,71
427,我最亲爱的,张惠妹,2,2,2,4/4,279.28155050000004,81,81
428,我只在乎你,邓丽君,1,2,2,4/4,243.08057372500002,72,72
429,我在前世约了你,唐古,1,2,2,4/4,231.32242127083333,107,107
430,我多喜欢你，你会知道,王俊琪,1,2,2,4/4,194.8493421875,87,87
431,我好想你,苏打绿,2,2,2,4/4,321.5765780083334,99,100
432,我害怕,薛之谦,2,2,2,4/4,244.31325306041666,60,60
433,我很快乐,刘惜君,1,2,2,4/4,199.90208333333334,49,49
434,我总是一个人在练习一个人,林宥嘉,1,2,2,4/4,240.71102790416668,55,55
435,我想我不会爱你,田馥甄,2,2,2,4/4,277.97381160416666,89,89
436,我想我不够好,单色凌,2,2,2,4/4,169.960827075,79,80
437,我愿意,王菲,2,2,2,4/4,264.2912135270834,82,83
438,我是一只鱼,任贤齐,1,2,2,4/4,247.03588627916668,93,93
439,我是真的爱上你,王杰,1,2,2,4/4,296.1784165604167,81,81
440,我是真的真的很爱你,言承旭,2,2,2,4/4,310.21694436458336,95,95
441,我曾用心爱着你,潘美辰,1,2,2,4/4,270.71250995,80,80
442,我爱洗澡,范晓萱,1,2,3,6/8,176.19118148125,93,93
443,我爱的人,陈小春,1,2,2,4/4,258.53004450000003,69,70
444,我的中国心,张明敏,2,2,2,4/4,187.4010956125,68,68
445,我的唇吻不到我爱的人,王奕心,1,2,2,4/4,275.784980625,88,89
446,我的好兄弟,小沈阳,2,2,2,4/4,272.796155775,77,77
447,我的好妈妈,儿歌,2,2,2,4/4,72.56092970833333,27,27
448,我的心好冷,Sara,2,2,2,4/4,318.28296558333335,118,118
449,我的快乐就是想你,陈雅森,3,2,2,4/4,299.61457561875,94,94
450,我的情深若你懂,王建荣,4,2,2,4/4,259.4791969,76,76
451,我的楼兰,云朵,1,2,2,4/4,325.5703125,107,107
452,我的歌声里,曲婉婷,2,2,2,4/4,203.84608389375,56,56
453,我的眼里只有你,景岗山,2,2,2,4/4,278.89769414999995,78,79
454,我相信,杨培安,6,2,2,4/4,242.102097525,110,110
455,我真的受伤了,张学友,2,2,2,4/4,208.14615088749997,59,59
456,我知道你很难过,蔡依林,4,2,2,4/4,256.59343620833334,64,64
457,我等到花儿也谢了,张学友,5,2,2,4/4,265.39366551041667,71,71
458,我管你,华晨宇,3,2,2,4/4,264.288626925,100,100
459,我终于失去了你,赵传,2,2,2,4/4,281.58530344375,75,75
460,我要抱着你,庞龙,1,2,2,4/4,281.2009389666666,81,81
461,我要的飞翔,许飞,2,2,2,4/4,249.2453125,78,80
462,我走以后,张靓颖,2,2,2,4/4,279.919577575,52,52
463,我还想她,林俊杰,2,2,2,4/4,240.30416666666667,57,57
464,我这个你不爱的人,迪克牛仔,2,2,2,4/4,261.92054055833336,68,68
465,戒烟,李荣浩,3,2,2,4/4,291.5854166666667,70,70
466,手掌心,丁当,1,2,2,4/4,254.41242106041665,76,76
467,找一个字代替,邰正宵,1,2,2,4/4,276.49417525,67,67
468,把悲伤留给自己,陈升,1,2,2,4/4,267.02938983333337,49,49
469,把酒倒满,李晓杰,1,2,2,4/4,263.06348346041665,70,70
470,抹去泪水,韩宝仪,1,2,2,4/4,218.9663089375,118,118
471,拉住妈妈的手,刘和刚,1,2,2,4/4,223.96839113645837,52,53
472,掌声响起来,毛阿敏,3,2,2,4/4,252.45153326250002,71,71
473,搁浅,周杰伦,1,2,2,4/4,234.23246516666666,59,59
474,摘下满天星,郑少秋,1,2,2,4/4,277.23202371875,62,62
475,撕夜,阿杜,2,2,2,4/4,269.69876773125,69,69
476,擦肩而过,郑源,1,2,2,4/4,223.52733510000002,57,58
477,放不下的情缘,勾辉,1,2,2,4/4,275.13049416875,99,100
478,放手去爱,迪克牛仔,4,2,2,4/4,233.86054503749997,50,50
479,放生,范逸臣,1,2,2,4/4,265.6952802,73,74
480,放过,崔天琪,1,2,2,4/4,216.87478312500002,64,66
481,故乡,许巍,1,2,2,4/4,315.80262046666667,91,91
482,故乡的云,费翔,2,2,2,4/4,263.1712298875,95,95
483,数到五答应我,曹格,1,2,2,4/4,269.63194610833335,64,65
484,斑马斑马,张婧懿,4,2,2,4/4,180.60911293333334,48,49
485,新不了情,万芳,2,2,2,4/4,261.2714252,66,66
486,新女人花,陈瑞,1,2,2,4/4,321.87824955,92,92
487,新贵妃醉酒,李玉刚,1,2,2,4/4,275.42245909375004,87,87
488,旅行,许巍,1,2,2,4/4,260.5908108375,74,74
489,旅行的意义,陈绮贞,1,2,2,4/4,235.135540375,63,63
490,旋木,王菲,4,2,2,4/4,244.80109078750002,61,60
491,无奈的思绪,韩宝仪,3,2,2,4/4,212.76415751250002,79,79
492,无情的世界无情的你,冷漠,1,2,2,4/4,270.40510481250004,96,96
493,无所谓,杨坤,4,2,2,4/4,260.68541666666664,64,64
494,无条件,陈奕迅,1,2,2,4/4,223.8591292604167,59,59
495,日不落,蔡依林,1,2,2,4/4,222.7578125,111,111
496,时间煮雨,郁可唯,1,2,2,4/4,237.9954692375,82,83
497,明天你是否依然爱我,童安格,1,2,2,4/4,257.91724808541665,70,70
498,明天过后,张杰,1,2,2,4/4,233.05625,57,57
499,明明就,周杰伦,1,2,2,4/4,253.54775756249998,58,58
500,明月千里寄相思,徐小凤,1,2,2,4/4,198.32622265416668,61,61
501,明月天涯,五音Jw,2,2,2,4/4,234.40625,122,122
502,易燃易爆炸,陈粒,3,2,2,4/4,186.48705448541665,88,88
503,星座书上,许嵩,1,2,2,4/4,238.71223723333333,61,61
504,星月情缘,安东阳,1,2,2,4/4,254.0017636125,103,103
505,星月神话,金莎,3,2,2,4/4,247.72687289583334,85,85
506,星语心愿,任贤齐,4,2,2,4/4,226.92421264375,65,65
507,春夏秋冬的你,王宇良,2,2,2,4/4,294.95339521874996,82,83
508,春天的故事,董文华,3,2,2,4/4,369.1967976083333,90,90
509,春天里,汪峰,4,2,3,6/8,273.30574903125,67,67
510,春泥,庾澄庆,1,2,2,4/4,249.36145985208333,81,81
511,春风十里,鹿先森乐队,1,2,2,4/4,365.7458852458334,97,98
512,昨夜星辰,高胜美,1,2,2,4/4,191.28377860624997,84,84
513,是否我真的一无所有,王杰,3,2,2,4/4,259.22780026875,79,79
514,是非题,范玮琪,3,2,2,4/4,229.26692708333334,90,90
515,晚秋,毛宁,1,2,2,4/4,212.53219950416667,69,70
516,晴天,周杰伦,2,2,2,4/4,267.22893060833337,76,76
517,暖心,风语,1,2,2,4/4,299.335018125,77,77
518,暖暖,梁静茹,1,2,2,4/4,237.04443954791668,100,100
519,曲终人散,张宇,1,2,2,4/4,264.4042273625,97,97
520,曹操,林俊杰,3,2,2,4/4,239.911074475,71,71
521,曾经最美,朱铭捷,1,2,2,4/4,263.54903098333335,66,66
522,曾经心痛,卓依婷,1,2,2,4/4,274.8331021395834,85,85
523,曾经是我最爱的人,陈瑞,1,2,2,4/4,238.82192853333333,54,54
524,曾经爱过你,郑源,1,2,2,4/4,226.90544877708334,106,106
525,曾经的你,许巍,4,2,2,4/4,255.58909029999998,100,100
526,月亮代表我的心,张国荣,1,2,2,4/4,224.4741412583333,66,66
527,月亮惹的祸,张宇,3,2,2,4/4,251.63216064791663,63,63
528,月半小夜曲,陈慧娴,1,2,2,4/4,222.70231356458336,71,71
529,月半弯,陈坤,2,2,2,4/4,244.263079525,97,97
530,月满西楼,安雯,1,2,2,4/4,323.03362074375,77,77
531,月牙湾,F.I.R,1,2,2,4/4,301.4453269375,104,104
532,有一种爱叫做放手,阿木,4,2,2,4/4,262.4392684770834,69,69
533,有何不可,许嵩,1,2,2,4/4,237.88845130416667,98,98
534,有没有一种思念永不疲惫,许强,1,2,2,4/4,264.7057538125,113,113
535,有没有人告诉你,陈楚生,1,2,2,4/4,341.13475088125,87,87
536,朋友,周华健,2,2,2,4/4,301.69482356875,81,81
537,朋友别哭,吕方,2,2,2,4/4,242.01666666666668,75,75
538,朋友名义,六哲,2,2,2,4/4,206.61838296250002,47,47
539,朋友的酒,李晓杰,1,2,2,4/4,268.3989583333333,124,124
540,望星空,董文华,1,2,2,4/4,230.59171490000003,87,87
541,末班车,萧煌奇,1,2,2,4/4,281.594319225,132,132
542,杀猪刀,杨浩龙,4,2,2,4/4,193.09479166666668,96,96
543,枕着你的名字入眠,陈明,2,2,2,4/4,301.19166666666666,74,74
544,柠檬草的味道,蔡依林,1,2,2,4/4,268.2897718979167,75,75
545,桃花运,杨钰莹,1,2,2,4/4,237.3721763604167,119,119
546,梅花三弄,卓依婷,2,2,2,4/4,249.7327035375,78,78
547,梅花泪,云菲菲,2,2,2,4/4,244.146875,119,119
548,梦醒了,那英,2,2,2,4/4,290.56691003125,118,118
549,梦醒时分,陈淑桦,5,2,2,4/4,240.59205447500003,67,67
550,梦里想你多少回,雨露,4,2,2,4/4,236.15357628125003,87,87
551,梨花又开放,邱诗晗,2,2,2,4/4,202.83835425,98,98
552,棉花糖,至上励合,4,2,2,4/4,224.69391499999998,88,88
553,樱花草,Sweety,1,2,2,4/4,278.807153625,83,83
554,歌在飞,申菲,2,2,2,4/4,225.74828615625,78,78
555,死心塌地去爱你,门丽,2,2,2,4/4,214.47166666666666,66,66
556,殇雪,云菲菲,1,2,2,4/4,279.185416875,125,125
557,残酷月光,林宥嘉,3,2,2,4/4,265.1321399479167,67,67
558,比心更痛的眼眸,郑源,2,2,2,4/4,252.04493914166667,60,60
559,氧气,范晓萱,2,2,2,4/4,260.27788011458335,99,99
560,水手,郑智化,3,2,2,4/4,281.74839087500004,112,113
561,水星记,郭顶,2,2,2,4/4,319.9670730354167,86,86
562,水墨雪,陈瑞,2,2,2,4/4,270.53740520416665,79,79
563,永远是朋友,卓依婷,1,2,2,4/4,255.2554379604167,94,94
564,没了心的爱,任盈盈,1,2,2,4/4,256.5851414375,99,99
565,没有什么不同,曲婉婷,2,2,2,4/4,276.8292900125,118,118
566,没有你陪伴我真的好孤单,梦然,4,2,2,4/4,280.41694901458334,95,95
567,泪桥,伍佰,1,2,2,4/4,221.34478858333338,60,60
568,泪海,许茹芸,7,2,2,4/4,293.25178629166663,70,70
569,泼茶香,刘珂矣,1,2,2,4/4,257.0648157125,75,75
570,洋葱,杨宗纬,2,2,2,4/4,270.85905109375,72,72
571,流年,王菲,1,2,2,4/4,268.8770887416667,59,59
572,流星雨,F4,3,2,2,4/4,266.33978943333335,74,74
573,流浪歌,卓依婷,3,2,2,4/4,288.27309813958334,87,87
574,流着泪说分手,金志文,2,2,2,4/4,249.0750714375,79,79
575,浪人情歌,伍佰,2,2,3,6/8,263.8627833104167,76,76
576,浪花一朵朵,任贤齐,2,2,2,4/4,210.50995262499998,63,63
577,浪费,林宥嘉,1,2,2,4/4,304.0996689125,86,86
578,海浪,黄品源,4,2,2,4/4,281.7625,66,66
579,海芋恋,萧敬腾,2,2,3,6/8,237.70500806875,155,155
580,消愁,毛不易,1,2,2,4/4,176.18622629375002,39,39
581,淋雨一直走,张韵涵,1,2,2,4/4,201.25770367083334,78,78
582,清明雨上,许嵩,2,2,2,4/4,218.25283024375,64,64
583,渴望,毛阿敏,2,2,2,4/4,242.72894688333335,90,90
584,滚滚红尘,陈淑桦,3,3,2,3/4,182.65553242500002,90,90
585,滴答,侃侃,2,2,2,4/4,227.03860112500004,76,76
586,潇洒的走,高胜美,4,2,2,4/4,223.352201825,85,84
587,潮湿的心,卓依婷,2,2,2,4/4,312.613160575,90,90
588,火烧的寂寞,信,2,2,2,4/4,274.25498685,72,72
589,火苗,格格,3,2,2,4/4,204.622104525,73,74
590,灰姑娘,郑钧,2,2,2,4/4,301.289268,77,77
591,烛光里的妈妈,毛阿敏,2,2,2,4/4,256.55133845208337,61,63
592,爱,莫文蔚,3,3,2,3/4,189.81920846875,114,115
593,爱一点,莫艳琳,2,2,2,4/4,249.30419599999996,90,91
594,爱不爱我,零点乐队,2,2,2,4/4,322.8719287,90,91
595,爱与哀愁,童安格,3,2,2,4/4,250.98145225,74,74
596,爱久见人心,梁静茹,2,2,2,4/4,291.6825781333333,113,113
597,爱似水仙,金海心,5,2,2,4/4,231.672547,64,65
598,爱你一万年,韩宝仪,4,2,2,4/4,188.03609370625,54,54
599,爱你十分泪七分,裘海正,3,2,2,4/4,250.69429879166665,62,62
600,爱你没错,张信哲,1,2,2,4/4,248.13954075625,68,68
601,爱你那么多,陈瑞,1,2,2,4/4,284.06013651666666,66,66
602,爱到尽头也无悔,梦然,1,2,2,4/4,214.287743475,79,79
603,爱到深处全是泪,雨中百合,1,2,2,4/4,289.3066666666667,89,89
604,爱囚,庄心妍,1,2,2,4/4,236.48689554166668,54,54
605,爱在西元前,周杰伦,5,2,2,4/4,230.97367439583334,60,61
606,爱如潮水,张信哲,3,2,2,4/4,270.0729185916667,74,74
607,爱如空气,孙俪,2,2,2,4/4,276.77682239583334,54,54
608,爱就一个字,张信哲,3,2,2,4/4,265.4892733666667,65,65
609,爱情转移,陈奕迅,2,2,2,4/4,249.73406712500002,50,50
610,爱情这杯酒谁喝都得醉,闫旭,2,2,2,4/4,245.6651781,69,69
611,爱情错觉,王娅,2,2,2,4/4,243.5375,99,99
612,爱我的人和我爱的人,游鸿明,3,2,2,4/4,268.531410775,69,69
613,爱我还是他,陶喆,3,2,2,4/4,288.21302095,74,75
614,爱的世界只有你,祁隆,1,2,2,4/4,200.5025,82,82
615,爱的代价,张艾嘉,1,2,2,4/4,305.0409599895833,66,66
616,爱的天国,王心凌,1,2,2,4/4,209.650708325,49,49
617,爱的奉献,韦唯,2,2,2,4/4,215.14527624583334,76,76
618,爱的路上只有我和你,任贤齐,6,2,2,4/4,234.54445312083334,72,72
619,爱的魔法,金莎,1,2,2,4/4,188.53129615,73,73
620,爱笑的眼睛,林俊杰,3,2,2,4/4,245.99110394791668,67,67
621,爱要怎么说出口,林俊杰,4,2,2,4/4,231.05701120833334,55,54
622,父亲,筷子兄弟,2,2,2,4/4,297.05134746666664,87,89
623,父亲写的散文诗,李健,2,2,2,4/4,312.2794087937499,91,91
624,父亲的草原母亲的河,云飞,2,3,3,9/8,323.55010298958325,95,95
625,爸爸妈妈,王蓉,1,2,2,4/4,259.86918790625003,92,91
626,牧羊曲,龚玥,2,2,2,4/4,229.83426664166663,62,62
627,牵丝戏,Aki阿杰,1,2,2,4/4,238.05799670000002,84,84
628,牵挂你的人是我,高林生,1,2,2,4/4,234.28637294583334,105,105
629,狂浪生,李宗南,1,2,2,4/4,249.97666666666666,70,70
630,狐狸,薛之谦,1,2,2,4/4,229.21683015625,60,61
631,独家记忆,陈小春,2,2,2,4/4,298.928125,98,98
632,独角戏,许茹芸,1,2,3,6/8,269.2387307083333,63,63
633,狮子座,曾轶可,1,2,2,4/4,196.4695351166667,62,62
634,献给妈妈的歌,德乾旺姆,1,2,2,4/4,223.2126609,98,98
635,王妃,萧敬腾,3,2,2,4/4,217.37850225,110,110
636,玫瑰花的葬礼,许嵩,1,2,2,4/4,257.29831735,85,86
637,珊瑚颂,卓依婷,1,2,2,4/4,190.8869506604167,89,89
638,甘心情愿,郭峰,1,2,2,4/4,296.39105981666665,84,84
639,甜甜的,周杰伦,6,2,2,4/4,236.18193886875002,113,113
640,甜蜜蜜,邓丽君,3,2,2,4/4,205.49294519583333,108,108
641,生如夏花,朴树,2,2,2,4/4,284.4854298,122,122
642,生日礼物,江涛,1,2,2,4/4,260.3645833333333,63,63
643,生生,林俊杰,1,2,2,4/4,244.85416666666666,58,58
644,用心良苦,张宇,2,2,2,4/4,266.48634978125006,69,69
645,电台情歌,莫文蔚,1,2,2,4/4,241.6120773416667,68,68
646,男人的好,张宇,2,2,2,4/4,222.12456730000002,57,57
647,男孩,梁博,1,2,2,4/4,304.932515675,89,89
648,画颜,魏新雨,1,2,2,4/4,200.03419864583336,52,52
649,留什么给你,孙楠,1,2,2,4/4,233.25901736249995,68,68
650,疑心病,任然,1,2,2,4/4,279.31470261666664,71,72
651,痒,黄龄,2,2,2,4/4,219.60261029791667,55,56
652,痴心绝对,李圣杰,1,2,2,4/4,253.71165789375,111,111
653,白桦林,朴树,6,3,2,3/4,222.83355818333334,144,143
654,白色恋人,游鸿明,2,3,2,3/4,281.18685326875,116,115
655,白龙马,儿童歌曲,1,2,2,4/4,123.1730902,49,49
656,百万个吻,陈明真,3,2,2,4/4,253.60429957708334,104,104
657,盛夏,毛不易,2,2,2,4/4,288.67349455,73,73
658,盛夏的果实,莫文蔚,3,2,2,4/4,248.93604130416665,85,85
659,相思河,风语,1,2,2,4/4,313.13125,77,77
660,相思渡口,祁隆,3,2,2,4/4,223.07200926875,100,101
661,相思的债,陈瑞,1,2,2,4/4,287.5254286,80,80
662,相逢是首歌,俞静,1,3,2,3/4,254.05137616666667,168,168
663,眉间雪,晴愔,1,2,2,4/4,258.15317119375,98,98
664,看得最远的地方,张韶涵,2,2,2,4/4,240.48764355625,111,111
665,看月亮爬上来,张杰,4,2,2,4/4,194.306640625,47,47
666,看透爱情看透你,冷漠,1,2,2,4/4,271.60194359375004,96,96
667,真爱你的云,黄国俊,3,2,2,4/4,303.03605899166666,130,130
668,着魔,张杰,2,2,2,4/4,208.8365471875,104,104
669,知道不知道,邓丽君,2,2,2,4/4,153.47268794166666,65,65
670,短发,梁咏琪,4,2,2,4/4,274.206930875,130,130
671,祈祷,卓依婷,3,2,2,4/4,277.09240648749994,76,76
672,祖国祖国我们爱你,儿歌,1,2,2,4/4,109.91125,45,45
673,祝你平安,孙悦,2,2,2,4/4,236.76674406458335,64,64
674,祝我生日快乐,温岚,1,2,2,4/4,255.00073437916663,78,78
675,神奇的九寨,容中尔甲,2,2,2,4/4,306.96108992291664,85,85
676,离人愁,李袁杰,1,2,2,4/4,229.19333333333333,69,69
677,离别,阿杜,2,2,2,4/4,224.58174145,59,60
678,离别的秋天,孙露,2,2,3,6/8,253.54085724791668,66,67
679,秋叶黄了想爹娘,赵真,1,2,2,4/4,249.89059168125002,106,106
680,秋天不回来,王强,3,2,2,4/4,247.80712235000001,78,78
681,秋风落叶,姜玉阳,3,2,2,4/4,203.68069494166667,93,93
682,移情别恋,郭峰,2,2,2,4/4,248.51894785625,69,69
683,空城,杨坤,5,2,2,4/4,273.28258166666666,73,73
684,突然好想你,五月天,7,2,2,4/4,261.19111496041666,74,74
685,突然想起你,林宥嘉,2,2,2,4/4,272.235,111,111
686,站在草原望北京,乌兰图雅,1,2,2,4/4,241.24875,99,99
687,童年,罗大佑,1,2,2,4/4,230.65116657083334,110,110
688,童话镇,许娜,1,2,2,4/4,258.647254675,71,71
689,笑忘书,李荣浩,2,2,3,6/8,257.85546875,68,68
690,笑红尘,陈淑桦,2,2,2,4/4,252.39825132083334,125,126
691,笑脸,谢东,1,2,2,4/4,247.3070066666666,113,113
692,笔记,周笔畅,3,2,2,4/4,243.8360656875,84,84
693,笨小孩,刘德华  吴宗宪  柯受良,2,2,3,6/8,226.5116414875,75,75
694,第一次,光良,6,2,2,4/4,255.7074752833333,111,111
695,第一次爱的人,王心凌,1,2,2,4/4,225.02148561874998,87,87
696,第三者的第三者,弦子,1,2,2,4/4,279.24205739375003,81,81
697,等不到的爱,文章,3,2,2,4/4,274.4166666666667,68,68
698,等你的季节【步步惊心】,刘诗诗,5,2,2,4/4,238.0255065,74,74
699,等你等了那么久,祁隆,1,2,2,4/4,300.890625,97,98
700,等我回家,薛之谦,3,2,2,4/4,286.4543957458333,109,109
701,答应不爱你,郑中基,1,2,2,4/4,193.10291206666662,50,50
702,简单爱,周杰伦,3,2,2,4/4,267.59634620833333,104,104
703,算了,崔阿扎,5,2,2,4/4,274.31757555416664,72,72
704,算什么男人,周杰伦,1,2,2,4/4,279.7578465229167,120,120
705,篱笆墙的影子,毛阿敏,2,2,2,4/4,271.3015537395833,67,67
706,类似爱情,萧亚轩,1,2,2,4/4,273.37848517291667,84,84
707,粉红色的回忆,邓丽君,1,2,2,4/4,183.6756753625,82,82
708,精忠报国,屠洪纲,4,2,2,4/4,215.13101850624997,88,87
709,繁花,董贞,3,2,2,4/4,219.3517393125,74,74
710,红尘客栈,周杰伦,2,2,2,4/4,268.7340503854167,99,99
711,红尘情歌,高安,2,2,2,4/4,203.76816673124998,74,74
712,红玫瑰,张碧晨,2,2,2,4/4,211.31302457083333,62,61
713,红色高跟鞋,蔡健雅,6,2,2,4/4,203.4104571208333,73,72
714,红豆,王菲,5,2,2,4/4,253.33979376875,116,116
715,红豆红,余静,1,2,2,4/4,240.9045540375,89,89
716,红颜旧,刘涛,2,2,2,4/4,217.09260187499999,67,67
717,约定,周蕙,5,2,2,4/4,253.0671875,84,84
718,练习,刘德华,1,2,2,4/4,254.37023247916667,119,119
719,绅士,薛之谦,6,2,2,4/4,289.605103875,67,67
720,绒花,李谷一,1,2,2,4/4,212.49995857291668,48,48
721,给未来的自己,梁静茹,3,2,2,4/4,248.03860331250002,75,75
722,绝口不提爱你,郑中基,2,2,2,4/4,292.54043364999995,98,98
723,绿岛小夜曲,邓丽君,2,2,2,4/4,224.5132332625,78,78
724,缘,高胜美,1,2,2,4/4,193.97386749999998,66,66
725,缘分五月,伍月,6,2,2,4/4,315.7703281,92,92
726,罗曼蒂克的爱情,贺敬轩,2,2,2,4/4,204.93333333333334,50,50
727,美丽心情,本多RuRu,4,2,2,4/4,265.3982410375,82,82
728,美丽的草原我的家,佚名女,2,2,2,4/4,197.9550207375,55,55
729,美人吟,李玲玉,2,2,2,4/4,235.4953125,77,78
730,美酒加咖啡,邓丽君,3,2,2,4/4,159.00919699166667,60,60
731,翅膀,林俊杰,1,2,2,4/4,217.88947346666666,62,61
732,老妹你真美,韩东,1,2,2,4/4,200.5789660875,73,73
733,老婆你辛苦了,祁隆,1,2,2,4/4,239.31587649583332,71,71
734,老父亲,祁隆,1,2,2,4/4,276.9375184625,66,66
735,老男孩,筷子组合,2,2,2,4/4,294.016610625,83,83
736,肩上的云,王建荣,4,2,2,4/4,250.91697881250002,76,76
737,胆小鬼,梁咏琪,2,2,2,4/4,256.75376836875,119,120
738,背叛,曹格,2,2,2,4/4,314.23952168541666,81,81
739,背对背拥抱,林俊杰,3,2,2,4/4,229.62117298125,59,59
740,胡桃夹子,张碧晨,5,2,2,4/4,316.5418865750001,78,78
741,自从有了你,赵薇,3,2,3,6/8,200.27206333958333,59,59
742,自从离别后,赵薇,1,2,2,4/4,259.25597909375,88,89
743,至少还有你,林忆莲,2,2,2,4/4,268.191262,68,68
744,致青春,王菲,3,3,2,3/4,223.90207933333335,131,130
745,舍不得忘记你,望海高歌,3,2,2,4/4,317.8025,131,131
746,舍得,王呈章,1,2,2,4/4,259.82928185,90,90
747,芊芊,回音哥,1,2,2,4/4,237.53481141666666,69,69
748,芙蓉雨,刘珂矣,3,2,2,4/4,241.81394737500003,71,72
749,芦花,雷佳,1,3,2,3/4,238.99493583333333,167,167
750,花太香,任贤齐,1,2,2,4/4,273.1094491125,100,100
751,花海,周杰伦,2,2,2,4/4,257.7683333333333,79,79
752,花香,许绍洋,2,2,2,4/4,260.6299629541667,100,100
753,苏州河,薛凯琪,3,2,2,4/4,234.30926483333332,57,58
754,苦咖啡,汤潮,5,2,2,4/4,293.3063951666667,118,118
755,草原上升起不落的太阳,蒋大为,3,2,2,4/4,175.04452636666664,49,49
756,莉莉安,宋冬野,2,3,2,3/4,246.08991506041664,123,123
757,菊花台,周杰伦,3,2,2,4/4,296.0178517,83,83
758,菩提偈,刘惜君,2,2,2,4/4,241.61674556249997,77,77
759,萍聚,卓依婷,2,2,2,4/4,196.98377334166665,76,76
760,葫芦娃,儿童歌曲,1,2,2,4/4,88.16510413750001,52,52
761,蒲公英的约定,周杰伦,1,2,2,4/4,242.37841793333334,67,67
762,蓝莲花,许巍,2,2,2,4/4,267.83680491875,96,97
763,藕断丝连,陈瑞,2,2,2,4/4,289.572265625,71,71
764,虫儿飞,童声,1,2,2,4/4,94.839909125,19,19
765,虹之间,金贵晟,3,2,2,4/4,247.8015379125,68,68
766,血染的风采,董文华,4,2,2,4/4,284.47951108333336,60,60
767,被伤过的心还可以爱谁,六哲,1,2,2,4/4,298.07421875,78,78
768,西海情歌,降央卓玛,1,2,2,4/4,292.5511038625,92,92
769,认错,许嵩,2,2,2,4/4,267.867513125,94,94
770,让她降落,何璐,1,3,2,3/4,236.46166666666667,97,96
771,让我留在你身边,唐汉霄,1,2,2,4/4,188.72580194583333,67,67
772,记事本,陈慧琳,1,2,2,4/4,242.14707928125,79,79
773,记得,林俊杰,4,2,2,4/4,283.55337534166665,69,69
774,许多年以后,赵鑫,1,2,2,4/4,308.9140103125,72,72
775,该死的懦弱,胜屿,9,2,3,6/8,238.30445137083333,60,61
776,说了再见,周杰伦,2,2,2,4/4,275.40246970833334,70,70
777,说句心里话,阎维文,1,2,2,4/4,191.67777206666665,50,50
778,说好了不见面,小贱,2,2,2,4/4,203.73752124166666,60,61
779,说好的幸福呢,周杰伦,1,2,2,4/4,249.34723858125,116,116
780,说散就散,袁娅维,2,2,2,4/4,236.98061487708333,68,68
781,说爱我,梁一贞,7,2,2,4/4,280.27843711875,77,77
782,说谎,林宥嘉,1,2,2,4/4,258.45703125,68,68
783,请不要对我说SORRY,何洁,1,2,2,4/4,339.55846133333336,95,95
784,诺言,李翊君,1,2,2,4/4,294.3464896583333,75,75
785,谁在意我留下的泪,蒋雪儿,1,2,2,4/4,320.0863140875,107,107
786,谁料皇榜中状元,卓依婷,1,2,2,4/4,152.9367437770833,56,56
787,谁的眼泪在飞,孟庭苇,1,2,2,4/4,319.5174251541667,131,131
788,谢谢你的爱,刘德华,1,2,2,4/4,269.9739496145833,74,72
789,谢谢你的爱1999,谢霆锋,6,2,2,4/4,201.59004067708332,53,53
790,豆浆油条,林俊杰,5,2,2,4/4,249.16876355833335,89,89
791,贝加尔湖畔,李健,2,2,2,4/4,290.3440073416667,68,68
792,走江南,亦心Elissa,4,2,2,4/4,233.92181262083332,84,84
793,走过咖啡屋,卓依婷,2,2,2,4/4,169.48011485,84,84
794,趁早,张宇,2,2,2,4/4,295.75020575625,138,138
795,越过山丘,杨宗纬,6,2,2,4/4,228.85699943749998,70,70
796,路口,张震岳,5,2,2,4/4,234.45275740833333,70,70
797,路边的野花不要采,邓丽君,6,2,2,4/4,118.80364349999999,56,55
798,踏浪,卓依婷,4,2,2,4/4,175.27372887916667,61,61
799,车站,曹磊,6,3,2,3/4,244.86866699583334,98,97
800,轻轻的告诉你,杨钰莹,1,2,2,4/4,272.1543720166666,110,110
801,过云雨,张敬轩,1,2,3,6/8,174.836946375,46,46
802,过客,阿涵,1,2,2,4/4,265.78970673541664,58,57
803,过火,张信哲,1,2,2,4/4,291.48407779166666,75,75
804,还有我,任贤齐,5,2,2,4/4,223.8031124,65,65
805,这一生回忆有你就足够,关泽楠,1,2,2,4/4,259.30435773749997,93,93
806,远在北方孤独的鬼,花粥,6,2,3,6/8,164.03329882291666,36,36
807,远走高飞,金志文,2,2,2,4/4,238.61391443333332,101,101
808,迟来的爱,卓依婷,1,2,2,4/4,239.79694129166668,83,83
809,追梦人,阿木,1,2,2,4/4,253.65104166666666,124,124
810,追梦赤子心,Gala,3,2,2,4/4,312.93699929999997,92,92
811,追求,卓依婷,2,2,2,4/4,175.58589079166666,60,60
812,退,蒋蒋,2,2,2,4/4,235.914360525,64,65
813,逃,侯旭,3,2,2,4/4,233.34387621666667,66,66
814,逆战,张杰,1,2,2,4/4,227.11458333333334,112,112
815,逍遥叹,胡歌,1,2,2,4/4,303.4477952875,90,90
816,逝去的爱,李安,1,2,2,4/4,209.80892636458333,54,54
817,遇,Ai Mini,3,2,2,4/4,243.356682525,90,91
818,遇到,方雅贤,1,2,2,4/4,180.6001981875,50,49
819,遗憾,方炯镔,1,2,2,4/4,225.73628523541683,105,103
820,遥远的歌,刘惜君,2,2,2,4/4,169.0712595,47,47
821,那个人,周延英,2,2,2,4/4,275.1309117916667,66,67
822,那些你很冒险的梦,林俊杰,1,2,2,4/4,242.1635743583333,66,66
823,那些年,胡夏,1,2,2,4/4,365.51818327708327,119,119
824,那女孩对我说,黄义达,1,2,2,4/4,266.8208356604166,88,87
825,那年的情书,江美琪,4,2,2,4/4,266.9017203333333,97,97
826,都怪我,刘德华,2,2,2,4/4,258.52910593750005,68,68
827,都选c,大鹏,3,2,2,4/4,228.82957357083333,110,111
828,酒后更想你,倪尔萍,3,2,2,4/4,258.82809649166666,61,62
829,酒干倘卖无,孙露,3,2,2,4/4,231.38045695416668,106,106
830,酒醉的探戈2001,动力火车,1,2,2,4/4,271.57630946458335,127,127
831,醉相思,祁隆,1,2,2,4/4,278.840625,92,93
832,重生,容祖儿,2,2,2,4/4,183.8941342875,83,83
833,野子,苏运莹,2,2,2,4/4,170.54,51,52
834,野孩子,杨千嬅,1,2,2,4/4,216.97173407291666,54,54
835,野百合也有春天,孟庭苇,2,2,2,4/4,218.49269115,57,57
836,错过的情人,石梅,1,2,2,4/4,227.16454162291666,73,73
837,长安忆,双笙,2,2,2,4/4,272.7748636125,95,95
838,长相依,卓依婷,1,2,2,4/4,237.14094934999997,85,85
839,长长的路慢慢地走,陈瑞,3,2,2,4/4,251.87437031250002,92,92
840,问,简弘亦,2,2,2,4/4,224.88333333333333,55,56
841,闯天涯,司徒兰芳,1,2,2,4/4,229.51031484375,97,97
842,闯码头,大哲,1,2,2,4/4,214.9442944125,107,107
843,闹够了没有原版,赖伟锋,1,2,3,6/8,238.125,58,57
844,阴天快乐,陈奕迅,2,2,2,4/4,255.44946781250002,68,67
845,阿刁【消音版】,赵雷,1,2,2,4/4,364.41875,147,147
846,阿哥阿妹,谢军,2,2,2,4/4,278.9449311833333,84,83
847,除了你,云菲菲,2,2,2,4/4,225.4203944333333,81,80
848,陪你一起变老,唐古,3,2,2,4/4,271.2747394125,72,72
849,陪你一起看草原,乌兰托娅,1,2,2,4/4,208.9259274375,93,93
850,陪我看日出,蔡淳佳,1,2,2,4/4,253.25681040208335,80,79
851,隐形的翅膀,张韶涵,2,2,2,4/4,219.27742693333332,64,65
852,难道爱一个人有错吗,郑源,2,2,2,4/4,257.2550998875,74,74
853,雁南飞,关牧村,1,2,2,4/4,155.19434585416667,45,45
854,雨一直下,张宇,2,2,2,4/4,279.23192150625,80,80
855,雨荷,雪晗,1,2,2,4/4,341.465567625,154,154
856,雨蝶,李翊君,1,2,3,6/8,224.85678873333333,59,59
857,雪人,范晓萱,1,2,2,4/4,274.3532470833334,130,130
858,需要人陪,王力宏,1,2,2,4/4,243.20500370833335,81,81
859,霜雪千年,洛天依,2,2,2,4/4,238.77476122500002,138,138
860,青城山下白素贞,赵雅芝,1,2,2,4/4,102.67216993125001,33,33
861,青春修炼手册,Tfboys,1,2,2,4/4,254.09342613750002,134,134
862,青花,周传雄,2,2,2,4/4,295.4501499645834,92,92
863,青藏高原,李娜,3,2,2,4/4,219.67793413541668,51,51
864,非你莫属,林依晨,3,2,2,4/4,279.8857308666667,80,78
865,靠近一点点,梁心颐,1,2,2,4/4,227.58166645,97,97
866,风含情水含笑,杨钰莹,1,2,2,4/4,247.82006517916665,87,87
867,风吹麦浪,李健,4,2,2,4/4,238.88372353333335,68,68
868,风往北吹,孙楠,2,2,2,4/4,282.3282567375,83,83
869,风铃,周蕙,2,3,2,3/4,265.32317800833334,167,166
870,风雨无阻,周华健,2,2,2,4/4,263.8595732729167,124,124
871,风飞沙,迪克牛仔,2,2,2,4/4,254.8642650375,77,77
872,飘摇,周迅,2,3,2,3/4,237.84737622916668,107,106
873,飘雪,陈慧娴,1,2,2,4/4,229.15095000624999,68,68
874,飞蛾扑火,彭丽丽,1,2,2,4/4,276.57393290625,120,120
875,香水,谢霆锋,4,2,2,4/4,254.7379209375,78,77
876,香水有毒,胡杨林,1,2,2,4/4,282.4255443458333,121,120
877,香烟爱上火柴,张政,1,2,2,4/4,228.474021,58,58
878,驼铃,刀郎,2,2,2,4/4,279.7575289625,105,104
879,驿动的心,姜育恒,3,2,2,4/4,239.75695202083338,64,63
880,高原红,容中尔甲,1,2,2,4/4,268.17397425,72,71
881,高原蓝,乌兰托娅,1,2,2,4/4,293.1248338958333,75,75
882,鬼迷心窍,李宗盛,4,2,2,4/4,256.815625,127,127
883,魔鬼中的天使,田馥甄,1,2,2,4/4,229.12259958333334,63,63
884,鱼,姚贝娜,1,2,2,4/4,299.28608835,87,87
885,鸿雁,呼斯楞,2,2,2,4/4,253.0540588416667,59,59
886,黄昏,周传雄,1,2,2,4/4,338.4387593166667,109,110
887,黄玫瑰,孙露,1,3,2,3/4,250.93589595,119,119
888,黑白配,范玮琪,1,2,2,4/4,166.37780158333334,58,57
889,黑色幽默,周杰伦,1,2,2,4/4,279.07549262916666,73,73
890,默,那英,4,2,2,4/4,296.21236728749994,85,85
891,龙卷风,周杰伦,1,2,2,4/4,247.53462320833333,72,72
892,不要在我的伤口撒盐,庄心妍,2,2,2,4/4,260.84001693749997,134,134
893,但愿人长久,王菲,3,2,2,4/4,252.293186025,92,92
894,你要的爱,戴佩妮,1,2,2,4/4,235.34968066250002,71,71
895,值得,郑秀文,1,2,2,4/4,255.44338435208329,114,114
896,可以了,陈奕迅,4,2,2,4/4,289.01050820625,73,74
897,回忆总想哭,姜玉阳 南宫嘉骏,1,2,2,4/4,289.5397745625,91,92
898,在水一方,邓丽君,5,2,2,4/4,230.50519077083334,68,69
899,大女人,张宇,1,2,2,4/4,223.16137136458335,123,123
900,天空,蔡依林,2,2,2,4/4,273.31762418541666,69,69
901,女人的选择,姜育恒,4,2,2,4/4,293.0557936520833,77,77
902,女人花,梅艳芳,2,2,2,4/4,277.93140220000004,86,86
903,好可惜,庄心妍,4,2,2,4/4,311.02908,86,87
904,孤单心事,蓝又时,2,2,2,4/4,264.7890625,69,69
905,小城故事,邓丽君,5,2,2,4/4,157.4764631,47,47
906,山不转水转,那英,3,2,2,4/4,195.59577374999998,46,47
907,小龙人,小龙人,3,2,2,4/4,124.12058325416666,65,65
908,小乌龟,张栋梁,1,2,2,4/4,221.298086125,76,76
909,蓝精灵,儿童歌曲,1,2,2,4/4,98.43270757708333,42,42
